{
	"format_version": "1.8.0",
	"animations": {
		"move animation": {
			"loop": true,
			"animation_length": 0.5833,
			"override_previous_animation": true,
			"bones": {
				"Head": {
					"position": {
						"vector": [0, -1, 0]
					}
				},
				"LeftArm": {
					"relative_to": {
						"rotation": "entity"
					},
					"rotation": {
						"0.0": {
							"vector": [0, 0, -115]
						},
						"0.25": {
							"vector": [-782.14286, 35, -720]
						},
						"0.2917": {
							"vector": [-72.5, 0, 0]
						}
					},
					"position": {
						"0.0": {
							"vector": [0, 0, 0]
						},
						"0.2917": {
							"vector": [0, 0, 0]
						}
					}
				}
			}
		},
		"animation.model.new": {
			"animation_length": 6.9583,
			"bones": {
				"LeftArm": {
					"rotation": {
						"0.0": {
							"vector": [0, 0, 0]
						},
						"0.5": {
							"vector": [0, 0, -114.91]
						},
						"1.0833": {
							"vector": [0, 0, 2.09]
						},
						"3.9583": {
							"vector": [0, 0, 0.68]
						},
						"6.9583": {
							"vector": [0, 0, 10]
						}
					}
				}
			}
		}
	},
	"geckolib_format_version": 2
}