{
	"format_version": "1.8.0",
	"animations": {
		"walk": {
			"loop": true,
			"animation_length": 0.75,
			"bones": {
				"Body": {
					"scale": {
						"0.0": {
							"vector": [1, 1, 1]
						},
						"0.125": {
							"vector": [1, 1, 0.9]
						}
					}
				},
				"Head": {
					"scale": {
						"0.0": {
							"vector": [1, 1, 1]
						},
						"0.0833": {
							"vector": [1, 1, 1.0238]
						},
						"0.4167": {
							"vector": [1, 1, 1.1]
						}
					}
				},
				"leg0": {
					"scale": {
						"0.0": {
							"vector": [1, 1, 1]
						},
						"0.125": {
							"vector": [1, 1, 1.4]
						},
						"0.6667": {
							"vector": [1, 1, 1]
						}
					}
				},
				"leg1": {
					"scale": {
						"0.0": {
							"vector": [1, 1, 1.3]
						},
						"0.25": {
							"vector": [1, 1, 1.1665]
						},
						"0.75": {
							"vector": [1, 1, 1.2]
						}
					}
				},
				"leg2": {
					"scale": {
						"0.0": {
							"vector": [1, 1, 1]
						},
						"0.0417": {
							"vector": [1, 1, 1.3]
						},
						"0.5": {
							"vector": [1, 1, 1.6]
						},
						"0.5833": {
							"vector": [1, 1, 1.3]
						}
					}
				},
				"leg3": {
					"scale": {
						"0.0": {
							"vector": [1, 1, 1]
						},
						"0.1667": {
							"vector": [1, 1, 1.2]
						},
						"0.375": {
							"vector": [1, 1, 1.6]
						},
						"0.5417": {
							"vector": [1, 1, 1.9]
						}
					}
				}
			}
		},
		"hurt": {
			"animation_length": 1.375,
			"bones": {
				"Body": {
					"rotation": {
						"vector": [0, 0, 0]
					},
					"position": {
						"0.0": {
							"vector": [-1, 0, 0]
						},
						"1.375": {
							"vector": [-1, -4, -2]
						}
					},
					"scale": {
						"0.0": {
							"vector": [1.2, 1.1, 1.1]
						},
						"0.7917": {
							"vector": [1, 1.1, 1.1]
						}
					}
				},
				"Head": {
					"position": {
						"0.0": {
							"vector": [0, 0, 0]
						},
						"1.375": {
							"vector": [0, -7, -6]
						}
					}
				}
			}
		},
		"attack": {
			"animation_length": 1.1667,
			"bones": {
				"Head": {
					"scale": {
						"0.0": {
							"vector": [1, 0.9, 0.9]
						},
						"0.0833": {
							"vector": [1.1, 1, 1.05]
						},
						"0.75": {
							"vector": [0.9385, 0.9, 0.95]
						},
						"1.1667": {
							"vector": [1, 1, 1.7]
						}
					}
				}
			}
		},
		"idle": {
			"animation_length": 1.7083,
			"bones": {
				"Body": {
					"position": {
						"vector": [-1, 0, 0]
					}
				},
				"Head": {
					"position": {
						"0.0": {
							"vector": [0, -2, 0]
						},
						"1.7083": {
							"vector": [0, 0, 0]
						}
					}
				},
				"leg0": {
					"position": {
						"0.0": {
							"vector": [0, 0, 0]
						},
						"0.7083": {
							"vector": [-2, 0, 0]
						},
						"0.7917": {
							"vector": [0, 0, 0]
						}
					}
				},
				"leg1": {
					"position": {
						"0.0": {
							"vector": [0, 0, 0]
						},
						"0.8333": {
							"vector": [-0.24, 0, 0]
						},
						"0.9583": {
							"vector": [2, 0, 0]
						}
					}
				},
				"leg2": {
					"position": {
						"0.0": {
							"vector": [0, 0, 0]
						},
						"0.7917": {
							"vector": [-2, 0, 0]
						},
						"1.125": {
							"vector": [0, 0, 0]
						}
					}
				},
				"leg3": {
					"position": {
						"0.0": {
							"vector": [0, 0, 0]
						},
						"0.7917": {
							"vector": [2, 0, 0]
						},
						"1.125": {
							"vector": [0, 0, 0]
						}
					}
				}
			}
		}
	},
	"geckolib_format_version": 2
}