{
	"format_version": "1.8.0",
	"animations": {
		"animation.model.new": {
			"loop": true,
			"animation_length": 0.5833,
			"bones": {
				"Handle": {
					"position": {
						"0.0": {
							"vector": [0, 0, 0]
						},
						"0.25": {
							"vector": [0, 0, -3]
						},
						"0.5833": {
							"vector": [0, 2, -3]
						}
					}
				},
				"Sword1": {
					"rotation": {
						"vector": [0, 10, 0]
					},
					"position": {
						"0.0": {
							"vector": [0, 0, 0]
						},
						"0.25": {
							"vector": [0, 0, -2]
						},
						"0.5833": {
							"vector": [0, 2, -2]
						}
					}
				},
				"Sword2": {
					"position": {
						"0.0": {
							"vector": [0, 0, 0]
						},
						"0.25": {
							"vector": [0, 0, -2]
						},
						"0.2917": {
							"vector": [0, 3, -2]
						}
					}
				},
				"Sword3": {
					"position": {
						"0.0": {
							"vector": [0, 0, 0]
						},
						"0.125": {
							"vector": [0, 4, -1]
						},
						"0.25": {
							"vector": [0, 0, -2]
						},
						"0.2917": {
							"vector": [0, 2, -2]
						}
					}
				}
			}
		},
		"animation.model.new2": {
			"loop": true
		}
	},
	"geckolib_format_version": 2
}