{
	"format_version": "1.8.0",
	"animations": {
		"walk": {
			"loop": true,
			"animation_length": 0.4583,
			"bones": {
				"inner": {
					"position": {
						"0.0": {
							"vector": [0, 0, 0]
						},
						"0.125": {
							"vector": [0, 6, 0]
						},
						"0.4167": {
							"vector": [0, -1, 0]
						}
					}
				}
			}
		},
		"attack": {
			"animation_length": 0.2917,
			"bones": {
				"inner": {
					"position": {
						"0.0": {
							"vector": [0, -1, 0]
						},
						"0.0833": {
							"vector": [0, 0, 0]
						},
						"0.125": {
							"vector": [0, -2, -1]
						}
					},
					"scale": {
						"0.0": {
							"vector": [1, 1, 1]
						},
						"0.0833": {
							"vector": [1, 1, 1]
						}
					}
				}
			}
		},
		"idle": {
			"loop": true,
			"animation_length": 1.875,
			"bones": {
				"inner": {
					"position": {
						"0.0": {
							"vector": [0, 0, 0]
						},
						"0.25": {
							"vector": [0, -2, 0]
						},
						"1.875": {
							"vector": [0, 0, 0]
						}
					}
				}
			}
		},
		"swim": {
			"loop": true,
			"animation_length": 1.4583,
			"bones": {
				"inner": {
					"position": {
						"0.0": {
							"vector": [0, -1, 2]
						},
						"0.3333": {
							"vector": [0, 2, 2]
						},
						"1.2083": {
							"vector": [0, -3, 2]
						}
					}
				}
			}
		},
		"idle2": {
			"loop": true,
			"animation_length": 16.4167,
			"bones": {
				"inner": {
					"position": {
						"0.0": {
							"vector": [0, -1, 0]
						},
						"16.4167": {
							"vector": [0, 0, 0]
						}
					},
					"scale": {
						"0.0": {
							"vector": [1, 1, 1]
						},
						"16.4167": {
							"vector": [0.1, -4.7, 0.1]
						}
					}
				}
			}
		},
		"idle3": {
			"loop": true,
			"animation_length": 0.5833,
			"bones": {
				"inner": {
					"position": {
						"0.0": {
							"vector": [0, 1, 2]
						},
						"0.1667": {
							"vector": [0, 0, 2]
						},
						"0.4167": {
							"vector": [0, 2, 2]
						}
					},
					"scale": {
						"vector": [1.1, 1.1, 1.1]
					}
				},
				"outer": {
					"position": {
						"vector": [0, -21, 0]
					},
					"scale": {
						"vector": [0.8, 0.3, 0.8]
					}
				}
			}
		}
	},
	"geckolib_format_version": 2
}