{
	"format_version": "1.8.0",
	"animations": {
		"walk": {
			"loop": true,
			"animation_length": 0.5833,
			"bones": {
				"Head": {
					"position": {
						"0.0": {
							"vector": [0, 0, 0]
						},
						"0.4167": {
							"vector": [0, -1, 0]
						},
						"0.5": {
							"vector": [0, 0, 0]
						}
					}
				},
				"Body": {
					"position": {
						"0.0": {
							"vector": [0, 0, 0]
						},
						"0.375": {
							"vector": [0, 0, 0]
						},
						"0.5": {
							"vector": [0, 0, 0]
						}
					}
				},
				"RightArm": {
					"position": {
						"0.0": {
							"vector": [0, 0, 0]
						},
						"0.2917": {
							"vector": [0, 2, 0]
						},
						"0.4167": {
							"vector": [0, 0, 0]
						}
					}
				},
				"LeftArm": {
					"position": {
						"0.0": {
							"vector": [0, 0, 0]
						},
						"0.125": {
							"vector": [0, 2, 0]
						},
						"0.3333": {
							"vector": [0, 0, 0]
						}
					}
				},
				"RightLeg": {
					"position": {
						"0.0": {
							"vector": [0, 0, 0]
						},
						"0.4583": {
							"vector": [0, 3, 0]
						},
						"0.5833": {
							"vector": [0, 0, 0]
						}
					}
				},
				"LeftLeg": {
					"position": {
						"0.0": {
							"vector": [0, 0, 0]
						},
						"0.2083": {
							"vector": [0, 3, 0]
						},
						"0.2917": {
							"vector": [0, 0, 0]
						}
					}
				}
			}
		},
		"attack": {
			"animation_length": 0.5417,
			"bones": {
				"Head": {
					"rotation": {
						"0.0": {
							"vector": [-5, 0, 0]
						},
						"0.2917": {
							"vector": [-5, 0, 0]
						},
						"0.4583": {
							"vector": [20, 0, 0]
						}
					}
				},
				"RightArm": {
					"rotation": {
						"0.0": {
							"vector": [0, 0, 0]
						},
						"0.2917": {
							"vector": [-130, 0, 0]
						}
					}
				},
				"LeftArm": {
					"rotation": {
						"0.0": {
							"vector": [0, 0, 0]
						},
						"0.2917": {
							"vector": [230, 0, 0]
						}
					}
				}
			}
		},
		"idle": {
			"animation_length": 0.4583,
			"bones": {
				"RightArm": {
					"rotation": {
						"0.0": {
							"vector": [0, 0, 0]
						},
						"0.2083": {
							"vector": [-47.5, 0, 0]
						},
						"0.4167": {
							"vector": [25, 0, 0]
						}
					}
				},
				"LeftArm": {
					"rotation": {
						"0.0": {
							"vector": [0, 0, 0]
						},
						"0.1667": {
							"vector": [-37.5, 0, 0]
						},
						"0.375": {
							"vector": [30, 0, 0]
						}
					}
				},
				"RightLeg": {
					"rotation": {
						"0.0": {
							"vector": [0, 0, 0]
						},
						"0.1667": {
							"vector": [25, 0, 0]
						},
						"0.375": {
							"vector": [20, 0, 0]
						},
						"0.4167": {
							"vector": [-22.5, 0, 0]
						}
					}
				},
				"LeftLeg": {
					"rotation": {
						"0.0": {
							"vector": [2.31847, -5.01521, 0.75444]
						},
						"0.1667": {
							"vector": [-45.04206, -20.00234, 0.11601]
						},
						"0.375": {
							"vector": [367.72472, -5.92225, -0.07049]
						}
					}
				}
			}
		}
	},
	"geckolib_format_version": 2
}