{
  "type": "minecraft:block",
  "random_sequence": "micah_jacobson_mod:blocks/rainbowore",
  "pools": [
    {
      "rolls": 1.0,
      "entries": [
        {
          "type": "minecraft:item",
          "name": "micah_jacobson_mod:rainbowingot",
          "functions": [
            {
              "count": 5,
              "function": "minecraft:set_count"
            },
            {
              "function": "minecraft:explosion_decay"
            }
          ]
        }
      ]
    }
  ]
}