{
  "parent": "block/cube",
  "textures": {
    "down": "micah_jacobson_mod:block/lolololololololololollololol",
    "up": "micah_jacobson_mod:block/llololololololololololololololololololol",
    "north": "micah_jacobson_mod:block/fffuuuccckkk",
    "east": "micah_jacobson_mod:block/sus",
    "south": "micah_jacobson_mod:block/lolololololololololololololololololollololol",
    "west": "micah_jacobson_mod:block/fffuuuccckkk",
    "particle": "micah_jacobson_mod:block/lolololololololololollololol"
  },
  "render_type": "solid"
}