{
  "_fv": 66,
  "_type": "biome",
  "definition": {
    "name": "City biome",
    "groundBlock": {
      "value": "CUSTOM:BlackStreetblock"
    },
    "undergroundBlock": {
      "value": "CUSTOM:BlackStreetblock"
    },
    "underwaterBlock": {
      "value": "CUSTOM:Whitestreetblock"
    },
    "grassColor": {
      "value": -13434829,
      "falpha": 0.0
    },
    "ambientSound": {
      "value": ""
    },
    "additionsSound": {
      "value": ""
    },
    "music": {
      "value": ""
    },
    "moodSound": {
      "value": ""
    },
    "moodSoundDelay": 6000,
    "spawnParticles": false,
    "particleToSpawn": {
      "value": "EXPLOSION_NORMAL"
    },
    "particlesProbability": 0.5,
    "rainingPossibility": 1.0,
    "temperature": 2.0,
    "spawnBiome": true,
    "spawnInCaves": false,
    "spawnBiomeNether": false,
    "genTemperature": {
      "min": -1.0,
      "max": 1.0
    },
    "genHumidity": {
      "min": -1.0,
      "max": 1.0
    },
    "genContinentalness": {
      "min": 0.1,
      "max": 1.0
    },
    "genErosion": {
      "min": -1.0,
      "max": 0.5556
    },
    "genWeirdness": {
      "min": -1.0,
      "max": 1.0
    },
    "treesPerChunk": 1,
    "vanillaTreeType": "Default",
    "treeType": 1,
    "minHeight": 10,
    "treeStem": {
      "value": "Blocks.CRIMSON_STEM"
    },
    "treeBranch": {
      "value": "Blocks.LEAVES#1"
    },
    "treeVines": {
      "value": "Blocks.WEEPING_VINES"
    },
    "treeFruits": {
      "value": "Blocks.CANDLE_CAKE#11"
    },
    "defaultFeatures": [
      "Caves",
      "Ores",
      "FrozenTopLayer"
    ],
    "spawnStronghold": false,
    "spawnMineshaft": false,
    "spawnMineshaftMesa": false,
    "spawnPillagerOutpost": false,
    "villageType": "none",
    "spawnWoodlandMansion": false,
    "spawnJungleTemple": false,
    "spawnDesertPyramid": false,
    "spawnSwampHut": false,
    "spawnIgloo": false,
    "spawnOceanMonument": false,
    "spawnShipwreck": false,
    "spawnShipwreckBeached": false,
    "spawnBuriedTreasure": false,
    "oceanRuinType": "NONE",
    "spawnNetherBridge": false,
    "spawnNetherFossil": false,
    "spawnBastionRemnant": false,
    "spawnEndCity": false,
    "spawnRuinedPortal": "NONE",
    "spawnEntries": []
  }
}