{
  "_fv": 66,
  "_type": "livingentity",
  "definition": {
    "mobName": "Dhar mann noob",
    "mobLabel": "",
    "mobModelName": "Biped",
    "mobModelTexture": "steve_4_2.png",
    "transparentModelCondition": {
      "fixedValue": false
    },
    "isShakingCondition": {
      "fixedValue": false
    },
    "solidBoundingBox": {
      "fixedValue": false
    },
    "visualScale": {
      "fixedValue": 1.0
    },
    "boundingBoxScale": {
      "fixedValue": 1.0
    },
    "modelLayers": [],
    "modelWidth": 0.6,
    "modelHeight": 1.8,
    "modelShadowSize": 0.5,
    "mountedYOffset": 0.0,
    "hasSpawnEgg": true,
    "spawnEggBaseColor": {
      "value": -1,
      "falpha": 0.0
    },
    "spawnEggDotColor": {
      "value": -1,
      "falpha": 0.0
    },
    "creativeTabs": [
      {
        "value": "MISC"
      }
    ],
    "isBoss": true,
    "bossBarColor": "PURPLE",
    "bossBarType": "NOTCHED_20",
    "equipmentMainHand": {
      "value": "CUSTOM:Rainbowsword"
    },
    "equipmentOffHand": {
      "value": "CUSTOM:Rainbowshield"
    },
    "equipmentHelmet": {
      "value": "CUSTOM:Rainbowarmor.helmet"
    },
    "equipmentBody": {
      "value": "CUSTOM:Rainbowarmor.body"
    },
    "equipmentLeggings": {
      "value": "CUSTOM:Rainbowarmor.legs"
    },
    "equipmentBoots": {
      "value": "CUSTOM:Rainbowarmor.boots"
    },
    "mobBehaviourType": "Raider",
    "mobCreatureType": "ILLAGER",
    "attackStrength": 5,
    "attackKnockback": 2.5,
    "knockbackResistance": 5.0,
    "movementSpeed": 1.0,
    "stepHeight": 1.0,
    "armorBaseValue": 5.0,
    "trackingRange": 100,
    "followRange": 64,
    "health": 100,
    "xpAmount": 100,
    "waterMob": true,
    "breatheUnderwater": {
      "fixedValue": true
    },
    "pushedByFluids": {
      "fixedValue": false
    },
    "flyingMob": true,
    "guiBoundTo": "<NONE>",
    "inventorySize": 64,
    "inventoryStackSize": 256,
    "disableCollisions": false,
    "ridable": true,
    "canControlForward": true,
    "canControlStrafe": true,
    "immuneToFire": true,
    "immuneToArrows": true,
    "immuneToFallDamage": true,
    "immuneToCactus": true,
    "immuneToDrowning": true,
    "immuneToLightning": true,
    "immuneToPotions": true,
    "immuneToPlayer": true,
    "immuneToExplosion": true,
    "immuneToTrident": true,
    "immuneToAnvil": true,
    "immuneToWither": true,
    "immuneToDragonBreath": true,
    "mobDrop": {
      "value": "CUSTOM:Rainbowsword"
    },
    "livingSound": {
      "value": "entity.zombie_villager.ambient"
    },
    "hurtSound": {
      "value": "entity.zombie_villager.hurt"
    },
    "deathSound": {
      "value": "entity.zombie_villager.death"
    },
    "stepSound": {
      "value": "entity.zombie_villager.step"
    },
    "raidCelebrationSound": {
      "value": "entity.villager.celebrate"
    },
    "entityDataEntries": [],
    "onStruckByLightning": {
      "name": "RAINBOWPOTIONEFFECTOnEffectActiveTick"
    },
    "whenMobFalls": {
      "name": "RAINBOWPOTIONEFFECTOnEffectActiveTick"
    },
    "whenMobDies": {
      "name": "RAINBOWPOTIONEFFECTOnEffectActiveTick"
    },
    "whenMobIsHurt": {
      "name": "RAINBOWPOTIONEFFECTOnEffectActiveTick"
    },
    "onRightClickedOn": {
      "name": "RAINBOWPOTIONEFFECTOnEffectActiveTick"
    },
    "whenThisMobKillsAnother": {
      "name": "RAINBOWPOTIONEFFECTOnEffectActiveTick"
    },
    "onMobTickUpdate": {
      "name": "RAINBOWPOTIONEFFECTOnEffectActiveTick"
    },
    "onPlayerCollidesWith": {
      "name": "RAINBOWPOTIONEFFECTOnEffectActiveTick"
    },
    "onInitialSpawn": {
      "name": "RAINBOWPOTIONEFFECTOnEffectActiveTick"
    },
    "hasAI": true,
    "aiBase": "(none)",
    "aixml": "<xml xmlns=\"https://developers.google.com/blockly/xml\"><block type=\"aitasks_container\" deletable=\"false\" x=\"40\" y=\"40\"><next><block type=\"attack_on_collide\"><field name=\"speed\">1.2</field><field name=\"longmemory\">FALSE</field><field name=\"condition\">null,null</field><next><block type=\"fly\"><field name=\"speed\">0.8</field><field name=\"condition\">null,null</field><next><block type=\"wander\"><field name=\"speed\">1</field><field name=\"condition\">null,null</field><next><block type=\"attack_action\"><field name=\"callhelp\">FALSE</field><field name=\"condition\">null,null</field><next><block type=\"look_around\"><field name=\"condition\">null,null</field><next><block type=\"doors_break\"><field name=\"condition\">null,null</field><next><block type=\"swim_in_water\"><field name=\"condition\">null,null</field></block></next></block></next></block></next></block></next></block></next></block></next></block></next></block></xml>",
    "breedable": false,
    "tameable": false,
    "breedTriggerItems": [],
    "ranged": true,
    "rangedAttackItem": {
      "value": ""
    },
    "rangedItemType": "Default item",
    "rangedAttackInterval": 20,
    "rangedAttackRadius": 10.0,
    "spawnThisMob": true,
    "doesDespawnWhenIdle": true,
    "spawningProbability": 20,
    "mobSpawningType": "monster",
    "minNumberOfMobsPerGroup": 1,
    "maxNumberOfMobsPerGroup": 3,
    "restrictionBiomes": [],
    "spawnInDungeons": true,
    "raidSpawnsCount": [
      4,
      6,
      8,
      11,
      4,
      2,
      7
    ]
  }
}