{
  "_fv": 66,
  "_type": "block",
  "definition": {
    "texture": "purple",
    "textureTop": "red",
    "textureLeft": "orange",
    "textureFront": "yellow",
    "textureRight": "green",
    "textureBack": "blue",
    "renderType": 10,
    "customModelName": "Normal",
    "rotationMode": 0,
    "enablePitch": false,
    "emissiveRendering": false,
    "displayFluidOverlay": false,
    "itemTexture": "",
    "particleTexture": "",
    "tintType": "No tint",
    "isItemTinted": false,
    "hasTransparency": false,
    "connectedSides": false,
    "transparencyType": "SOLID",
    "disableOffset": false,
    "boundingBoxes": [
      {
        "mx": 0.0,
        "my": 0.0,
        "mz": 0.0,
        "Mx": 16.0,
        "My": 16.0,
        "Mz": 16.0,
        "subtract": false
      }
    ],
    "name": "Rainbow ore",
    "specialInformation": {
      "fixedValue": []
    },
    "hardness": 1000.0,
    "resistance": 1000.0,
    "hasGravity": true,
    "isWaterloggable": false,
    "creativeTabs": [
      {
        "value": "DECORATIONS"
      }
    ],
    "destroyTool": "hoe",
    "customDrop": {
      "value": "CUSTOM:Rainbowingot"
    },
    "dropAmount": 5,
    "useLootTableForDrops": false,
    "requiresCorrectTool": true,
    "enchantPowerBonus": 0.0,
    "plantsGrowOn": false,
    "canRedstoneConnect": false,
    "lightOpacity": 15,
    "material": {
      "value": "ROCK"
    },
    "tickRate": 0,
    "tickRandomly": false,
    "isReplaceable": false,
    "canProvidePower": false,
    "emittedRedstonePower": {
      "fixedValue": 15.0
    },
    "colorOnMap": "DEFAULT",
    "creativePickItem": {
      "value": ""
    },
    "offsetType": "NONE",
    "aiPathNodeType": "DEFAULT",
    "flammability": 0,
    "fireSpreadSpeed": 0,
    "isLadder": false,
    "slipperiness": 5.0,
    "speedFactor": 10.0,
    "jumpFactor": 10.0,
    "reactionToPushing": "NORMAL",
    "isNotColidable": false,
    "isCustomSoundType": true,
    "soundOnStep": {
      "value": "SLIME"
    },
    "breakSound": {
      "value": "block.nether_gold_ore.break"
    },
    "fallSound": {
      "value": "block.nether_gold_ore.fall"
    },
    "hitSound": {
      "value": "block.nether_gold_ore.hit"
    },
    "placeSound": {
      "value": "block.nether_gold_ore.place"
    },
    "stepSound": {
      "value": "block.nether_gold_ore.step"
    },
    "luminance": 15,
    "unbreakable": false,
    "vanillaToolTier": "STONE",
    "isBonemealable": false,
    "hasInventory": false,
    "guiBoundTo": "<NONE>",
    "openGUIOnRightClick": true,
    "inventorySize": 9,
    "inventoryStackSize": 64,
    "inventoryDropWhenDestroyed": true,
    "inventoryComparatorPower": true,
    "inventoryOutSlotIDs": [],
    "inventoryInSlotIDs": [],
    "hasEnergyStorage": false,
    "energyInitial": 0,
    "energyCapacity": 400000,
    "energyMaxReceive": 200,
    "energyMaxExtract": 200,
    "isFluidTank": false,
    "fluidCapacity": 8000,
    "fluidRestrictions": [],
    "generateFeature": true,
    "restrictionBiomes": [],
    "blocksToReplace": [
      {
        "value": "TAG:stone_ore_replaceables"
      },
      {
        "value": "Blocks.BEDROCK"
      }
    ],
    "generationShape": "UNIFORM",
    "frequencyPerChunks": 32,
    "frequencyOnChunk": 32,
    "minGenerateHeight": -64,
    "maxGenerateHeight": -64
  }
}