{
  "_fv": 66,
  "_type": "tool",
  "definition": {
    "toolType": "Shield",
    "renderType": 0,
    "blockingRenderType": 0,
    "texture": "rainbow_shield",
    "customModelName": "Normal",
    "blockingModelName": "Normal blocking",
    "name": "Rainbow shield",
    "specialInformation": {
      "fixedValue": []
    },
    "creativeTabs": [
      {
        "value": "TOOLS"
      }
    ],
    "efficiency": 4.0,
    "attackSpeed": 1.0,
    "enchantability": 100,
    "damageVsEntity": 4.0,
    "usageCount": 100,
    "glowCondition": {
      "fixedValue": true
    },
    "repairItems": [],
    "immuneToFire": true,
    "blockDropsTier": "WOOD",
    "blocksAffected": [],
    "stayInGridWhenCrafting": true,
    "damageOnCrafting": true,
    "onRightClickedInAir": {
      "name": "Rainbowboom"
    },
    "onRightClickedOnBlock": {
      "name": "Rainbowboom"
    },
    "onEntityHitWith": {
      "name": "Rainbowluckprocedure"
    },
    "onBlockDestroyedWithTool": {
      "name": "RAINBOWPOTIONEFFECTOnEffectActiveTick"
    },
    "onEntitySwing": {
      "name": "Rainbowboom"
    }
  }
}