{
  "_fv": 66,
  "_type": "tool",
  "definition": {
    "toolType": "Sword",
    "renderType": 0,
    "blockingRenderType": 0,
    "texture": "rainbow_sword",
    "customModelName": "Normal",
    "blockingModelName": "Normal blocking",
    "name": "Rainbowsword",
    "specialInformation": {
      "fixedValue": []
    },
    "creativeTabs": [
      {
        "value": "TOOLS"
      },
      {
        "value": "COMBAT"
      }
    ],
    "efficiency": 255.0,
    "attackSpeed": 100.0,
    "enchantability": 255,
    "damageVsEntity": 255.0,
    "usageCount": 255,
    "glowCondition": {
      "fixedValue": false
    },
    "repairItems": [],
    "immuneToFire": true,
    "blockDropsTier": "NETHERITE",
    "blocksAffected": [],
    "stayInGridWhenCrafting": true,
    "damageOnCrafting": true
  }
}