{
  "_fv": 66,
  "_type": "villagertrade",
  "definition": {
    "tradeEntries": [
      {
        "villagerProfession": {
          "value": "ARMORER"
        },
        "entries": [
          {
            "price1": {
              "value": "CUSTOM:Dharmannnoob.spawn_egg"
            },
            "countPrice1": 64,
            "price2": {
              "value": "CUSTOM:Rainbowingot"
            },
            "countPrice2": 64,
            "offer": {
              "value": "CUSTOM:Totemofsus"
            },
            "countOffer": 1,
            "level": 5,
            "maxTrades": 10,
            "xp": 500,
            "priceMultiplier": 1.0
          }
        ]
      }
    ]
  }
}