{
  "_fv": 60,
  "_type": "biome",
  "definition": {
    "name": "Al",
    "groundBlock": {
      "value": "Blocks.MOSS_BLOCK"
    },
    "undergroundBlock": {
      "value": "Blocks.SLIME_BLOCK"
    },
    "underwaterBlock": {
      "value": "Blocks.MOSS_BLOCK"
    },
    "airColor": {
      "value": -13369345,
      "falpha": 0.0
    },
    "grassColor": {
      "value": -16724839,
      "falpha": 0.0
    },
    "foliageColor": {
      "value": -16777216,
      "falpha": 0.0
    },
    "waterColor": {
      "value": -13408768,
      "falpha": 0.0
    },
    "ambientSound": {
      "value": ""
    },
    "additionsSound": {
      "value": ""
    },
    "music": {
      "value": ""
    },
    "moodSound": {
      "value": ""
    },
    "moodSoundDelay": 6000,
    "spawnParticles": false,
    "particleToSpawn": {
      "value": "EXPLOSION_NORMAL"
    },
    "particlesProbability": 0.5,
    "rainingPossibility": 0.5,
    "temperature": 0.5,
    "spawnBiome": true,
    "spawnInCaves": true,
    "spawnBiomeNether": false,
    "genTemperature": {
      "min": -0.5,
      "max": 0.5
    },
    "genHumidity": {
      "min": -0.5,
      "max": 0.5
    },
    "genContinentalness": {
      "min": 0.3,
      "max": 1.0
    },
    "genErosion": {
      "min": -0.5,
      "max": 0.5
    },
    "genWeirdness": {
      "min": -1.0,
      "max": 1.0
    },
    "treesPerChunk": 1,
    "vanillaTreeType": "Mega spruce trees",
    "treeType": 1,
    "minHeight": 7,
    "treeStem": {
      "value": "Blocks.LEAVES#1"
    },
    "treeBranch": {
      "value": "Blocks.WARPED_STEM"
    },
    "treeVines": {
      "value": "CUSTOM:Blue"
    },
    "treeFruits": {
      "value": "Blocks.CANDLE_CAKE#4"
    },
    "defaultFeatures": [
      "Caves",
      "Ores",
      "MonsterRooms",
      "Fossils",
      "TaigaGrassAndMushrooms"
    ],
    "spawnStronghold": true,
    "spawnMineshaft": true,
    "spawnMineshaftMesa": true,
    "spawnPillagerOutpost": true,
    "villageType": "desert",
    "spawnWoodlandMansion": false,
    "spawnJungleTemple": false,
    "spawnDesertPyramid": false,
    "spawnSwampHut": true,
    "spawnIgloo": true,
    "spawnOceanMonument": false,
    "spawnShipwreck": false,
    "spawnShipwreckBeached": true,
    "spawnBuriedTreasure": true,
    "oceanRuinType": "NONE",
    "spawnNetherBridge": false,
    "spawnNetherFossil": true,
    "spawnBastionRemnant": false,
    "spawnEndCity": false,
    "spawnRuinedPortal": "JUNGLE",
    "spawnEntries": [
      {
        "entity": {
          "value": "EntityBlaze"
        },
        "minGroup": 4,
        "maxGroup": 4,
        "weight": 20,
        "spawnType": "monster"
      },
      {
        "entity": {
          "value": "EntityCat"
        },
        "minGroup": 4,
        "maxGroup": 4,
        "weight": 20,
        "spawnType": "creature"
      },
      {
        "entity": {
          "value": "EntityDrowned"
        },
        "minGroup": 4,
        "maxGroup": 4,
        "weight": 20,
        "spawnType": "monster"
      },
      {
        "entity": {
          "value": "EntityEndermite"
        },
        "minGroup": 4,
        "maxGroup": 4,
        "weight": 20,
        "spawnType": "monster"
      },
      {
        "entity": {
          "value": "EntityIllusionIllager"
        },
        "minGroup": 4,
        "maxGroup": 4,
        "weight": 20,
        "spawnType": "monster"
      }
    ]
  }
}