{
  "_fv": 60,
  "_type": "projectile",
  "definition": {
    "projectileItem": {
      "value": "CUSTOM:Boomboom"
    },
    "showParticles": true,
    "actionSound": {
      "value": "entity.generic.explode"
    },
    "igniteFire": false,
    "power": 1.0,
    "damage": 5.0,
    "knockback": 5,
    "entityModel": "Default",
    "customModelTexture": "",
    "onHitsBlock": {
      "name": "BombProjectileHitsBlock"
    },
    "onHitsPlayer": {
      "name": "BombProjectileHitsBlock"
    },
    "onHitsEntity": {
      "name": "BombProjectileHitsBlock"
    }
  }
}