{
  "_fv": 60,
  "_type": "dimension",
  "definition": {
    "biomesInDimension": [
      {
        "value": "beaches"
      },
      {
        "value": "deep_cold_ocean"
      },
      {
        "value": "deep_dark"
      },
      {
        "value": "deep_lukewarm_ocean"
      },
      {
        "value": "deep_frozen_ocean"
      }
    ],
    "worldGenType": "End like gen",
    "mainFillerBlock": {
      "value": "CUSTOM:Box"
    },
    "fluidBlock": {
      "value": "Blocks.BUBBLE_COLUMN"
    },
    "airColor": {
      "value": -13369345,
      "falpha": 0.0
    },
    "canRespawnHere": false,
    "hasFog": true,
    "isDark": false,
    "doesWaterVaporize": false,
    "sleepResult": "BED_EXPLODES",
    "hasSkyLight": true,
    "imitateOverworldBehaviour": false,
    "portalFrame": {
      "value": "CUSTOM:Box"
    },
    "portalParticles": {
      "value": "SOUL"
    },
    "portalLuminance": 10,
    "portalSound": {
      "value": "block.portal.ambient"
    },
    "enableIgniter": true,
    "igniterName": "Boxland Portal Igniter",
    "igniterRarity": "EPIC",
    "specialInformation": {
      "fixedValue": []
    },
    "igniterTab": {
      "value": "MATERIALS"
    },
    "texture": "m",
    "portalTexture": "mw",
    "enablePortal": true
  }
}