{
  "_fv": 60,
  "_type": "animateditem",
  "definition": {
    "renderType": 0,
    "texture": "ereteryuru",
    "name": "Crystal Sword",
    "idle": "new",
    "rarity": "COMMON",
    "displaySettings": "crystal_sword.item.json",
    "leftArm": "",
    "rightArm": "",
    "perspective": "All Perspectives",
    "creativeTab": {
      "value": "COMBAT"
    },
    "firstPersonArms": false,
    "stackSize": 64,
    "enchantability": 0,
    "useDuration": 0,
    "toolType": 1.0,
    "damageCount": 0,
    "recipeRemainder": {
      "value": ""
    },
    "destroyAnyBlock": true,
    "immuneToFire": true,
    "stayInGridWhenCrafting": false,
    "enableArmPose": false,
    "damageOnCrafting": false,
    "enableMeleeDamage": true,
    "damageVsEntity": 99.0,
    "specialInformation": {
      "fixedValue": []
    },
    "hasGlow": false,
    "guiBoundTo": "<NONE>",
    "inventorySize": 9,
    "inventoryStackSize": 64,
    "onEntitySwing": {
      "name": "CrystalSwordEntitySwingsItem"
    },
    "isFood": false,
    "nutritionalValue": 4,
    "saturation": 0.3,
    "eatResultItem": {
      "value": ""
    },
    "isMeat": false,
    "isAlwaysEdible": false,
    "animation": "none",
    "normal": "crystal_sword.geo.json",
    "armPoseList": [],
    "disableSwing": false
  }
}