{
  "_fv": 60,
  "_type": "enchantment",
  "definition": {
    "name": "Lightning",
    "type": "WEAPON",
    "rarity": "VERY_RARE",
    "minLevel": 1,
    "maxLevel": 1,
    "damageModifier": 0,
    "compatibleEnchantments": [
      {
        "value": "FIRE_ASPECT"
      },
      {
        "value": "SHARPNESS"
      }
    ],
    "excludeEnchantments": false,
    "compatibleItems": [],
    "excludeItems": false,
    "isTreasureEnchantment": false,
    "isCurse": false,
    "isAllowedOnBooks": true,
    "canGenerateInLootTables": true,
    "canVillagerTrade": true
  }
}