{
  "_fv": 60,
  "_type": "tool",
  "definition": {
    "toolType": "Sword",
    "renderType": 0,
    "blockingRenderType": 0,
    "texture": "e",
    "customModelName": "Normal",
    "blockingModelName": "Normal blocking",
    "name": "Mair ore sword",
    "specialInformation": {
      "fixedValue": []
    },
    "creativeTab": {
      "value": "COMBAT"
    },
    "harvestLevel": 1,
    "efficiency": 4.0,
    "attackSpeed": 0.0,
    "enchantability": 2,
    "damageVsEntity": 100.0,
    "usageCount": 300,
    "blocksAffected": [],
    "glowCondition": {
      "fixedValue": false
    },
    "repairItems": [
      {
        "value": "Items.IRON_SWORD"
      },
      {
        "value": "CUSTOM:Mair"
      }
    ],
    "immuneToFire": false,
    "stayInGridWhenCrafting": false,
    "damageOnCrafting": false,
    "onEntityHitWith": {
      "name": "MairEntitySwingsItem"
    },
    "onBlockDestroyedWithTool": {
      "name": "MairEntitySwingsItem"
    }
  }
}