{
  "_fv": 60,
  "_type": "villagertrade",
  "definition": {
    "tradeEntries": [
      {
        "villagerProfession": {
          "value": "CUSTOM:Hoomer"
        },
        "entries": [
          {
            "price1": {
              "value": "Items.PUMPKIN_PIE"
            },
            "countPrice1": 1,
            "price2": {
              "value": "CUSTOM:Blue"
            },
            "countPrice2": 1,
            "offer": {
              "value": "Items.DIAMOND_SWORD"
            },
            "countOffer": 1,
            "level": 1,
            "maxTrades": 10,
            "xp": 5,
            "priceMultiplier": 0.05
          }
        ]
      },
      {
        "villagerProfession": {
          "value": "CUSTOM:Hoomer"
        },
        "entries": [
          {
            "price1": {
              "value": "Blocks.ENCHANTING_TABLE"
            },
            "countPrice1": 1,
            "price2": {
              "value": ""
            },
            "countPrice2": 1,
            "offer": {
              "value": "CUSTOM:Blue"
            },
            "countOffer": 1,
            "level": 1,
            "maxTrades": 10,
            "xp": 5,
            "priceMultiplier": 0.05
          }
        ]
      },
      {
        "villagerProfession": {
          "value": "CUSTOM:Hoomer"
        },
        "entries": [
          {
            "price1": {
              "value": "Items.RECORD_MELLOHI"
            },
            "countPrice1": 1,
            "price2": {
              "value": ""
            },
            "countPrice2": 1,
            "offer": {
              "value": "Items.PUMPKIN_PIE"
            },
            "countOffer": 1,
            "level": 1,
            "maxTrades": 10,
            "xp": 5,
            "priceMultiplier": 0.05
          }
        ]
      },
      {
        "villagerProfession": {
          "value": "CUSTOM:Hoomer"
        },
        "entries": [
          {
            "price1": {
              "value": "Blocks.SKULL#5"
            },
            "countPrice1": 1,
            "price2": {
              "value": ""
            },
            "countPrice2": 1,
            "offer": {
              "value": "CUSTOM:Blue"
            },
            "countOffer": 64,
            "level": 1,
            "maxTrades": 10,
            "xp": 5,
            "priceMultiplier": 0.05
          }
        ]
      },
      {
        "villagerProfession": {
          "value": "CUSTOM:Hoomer"
        },
        "entries": [
          {
            "price1": {
              "value": "CUSTOM:Blue"
            },
            "countPrice1": 64,
            "price2": {
              "value": ""
            },
            "countPrice2": 1,
            "offer": {
              "value": "Items.ENDER_DRAGON_SPAWN_EGG"
            },
            "countOffer": 1,
            "level": 1,
            "maxTrades": 10,
            "xp": 5,
            "priceMultiplier": 0.05
          }
        ]
      },
      {
        "villagerProfession": {
          "value": "CUSTOM:Hoomer"
        },
        "entries": [
          {
            "price1": {
              "value": "Items.SILENCE_ARMOR_TRIM"
            },
            "countPrice1": 1,
            "price2": {
              "value": ""
            },
            "countPrice2": 1,
            "offer": {
              "value": "CUSTOM:Boxland"
            },
            "countOffer": 64,
            "level": 1,
            "maxTrades": 10,
            "xp": 5,
            "priceMultiplier": 0.05
          }
        ]
      },
      {
        "villagerProfession": {
          "value": "CUSTOM:Hoomer"
        },
        "entries": [
          {
            "price1": {
              "value": "CUSTOM:MairIngot"
            },
            "countPrice1": 64,
            "price2": {
              "value": ""
            },
            "countPrice2": 1,
            "offer": {
              "value": "Items.SILENCE_ARMOR_TRIM"
            },
            "countOffer": 1,
            "level": 1,
            "maxTrades": 10,
            "xp": 5,
            "priceMultiplier": 0.05
          }
        ]
      },
      {
        "villagerProfession": {
          "value": "CUSTOM:Hoomer"
        },
        "entries": [
          {
            "price1": {
              "value": "Items.DIAMOND_SWORD"
            },
            "countPrice1": 1,
            "price2": {
              "value": ""
            },
            "countPrice2": 1,
            "offer": {
              "value": "Items.ENDER_EYE"
            },
            "countOffer": 12,
            "level": 1,
            "maxTrades": 10,
            "xp": 5,
            "priceMultiplier": 0.05
          }
        ]
      }
    ]
  }
}