{
  "_fv": 60,
  "_type": "potion",
  "definition": {
    "potionName": "Potion of Poisinaposhin",
    "splashName": "Splash Potion of Poisinaposhin",
    "lingeringName": "Lingering Potion of Poisinaposhin",
    "arrowName": "Arrow of Poisinaposhin",
    "effects": [
      {
        "effect": {
          "value": "CUSTOM:Poisina"
        },
        "duration": 3600,
        "amplifier": 0,
        "ambient": false,
        "showParticles": true
      },
      {
        "effect": {
          "value": "BLINDNESS"
        },
        "duration": 3600,
        "amplifier": 0,
        "ambient": false,
        "showParticles": true
      },
      {
        "effect": {
          "value": "SLOWNESS"
        },
        "duration": 3600,
        "amplifier": 0,
        "ambient": false,
        "showParticles": true
      }
    ]
  }
}