{
  "_fv": 60,
  "_type": "achievement",
  "definition": {
    "achievementName": "Woooooooo",
    "achievementDescription": "no avansments left",
    "achievementIcon": {
      "value": "Blocks.COMMAND_BLOCK"
    },
    "background": "Default",
    "disableDisplay": true,
    "showPopup": true,
    "announceToChat": true,
    "hideIfNotCompleted": true,
    "rewardLoot": [],
    "rewardRecipes": [],
    "rewardFunction": "No function",
    "rewardXP": 1000,
    "achievementType": "goal",
    "parent": {
      "value": "No parent: root"
    },
    "triggerxml": "<xml xmlns=\"https://developers.google.com/blockly/xml\"><block type=\"advancement_trigger\" deletable=\"false\" x=\"158\" y=\"4\"><next><block type=\"custom_trigger\"></block></next></block></xml>"
  }
}