{
  "has_precipitation": true,
  "temperature": 0.5,
  "downfall": 0.5,
  "effects": {
    "foliage_color": -16777216,
    "grass_color": -16724839,
    "sky_color": -13369345,
    "fog_color": -13369345,
    "water_color": -13408768,
    "water_fog_color": 329011
  },
  "spawners": {
    "monster": [
      {
        "type": "blaze",
        "weight": 20,
        "minCount": 4,
        "maxCount": 4
      },
      {
        "type": "drowned",
        "weight": 20,
        "minCount": 4,
        "maxCount": 4
      },
      {
        "type": "endermite",
        "weight": 20,
        "minCount": 4,
        "maxCount": 4
      },
      {
        "type": "illusioner",
        "weight": 20,
        "minCount": 4,
        "maxCount": 4
      }
    ],
    "creature": [
      {
        "type": "cat",
        "weight": 20,
        "minCount": 4,
        "maxCount": 4
      }
    ],
    "ambient": [],
    "axolotls": [],
    "underground_water_creature": [],
    "water_creature": [],
    "water_ambient": [],
    "misc": []
  },
  "spawn_costs": {},
  "carvers": {
    "air": [
      "minecraft:cave",
      "minecraft:cave_extra_underground",
      "minecraft:canyon"
    ]
  },
  "features": [
    [],
    [
      "minecraft:lake_lava_underground"
    ],
    [],
    [
      "minecraft:fossil_upper",
      "minecraft:fossil_lower",
      "minecraft:monster_room",
      "minecraft:monster_room_deep"
    ],
    [],
    [],
    [
      "minecraft:ore_coal_upper",
      "minecraft:ore_coal_lower",
      "minecraft:ore_iron_upper",
      "minecraft:ore_iron_middle",
      "minecraft:ore_iron_small",
      "minecraft:ore_gold",
      "minecraft:ore_gold_lower",
      "minecraft:ore_redstone",
      "minecraft:ore_redstone_lower",
      "minecraft:ore_diamond",
      "minecraft:ore_diamond_large",
      "minecraft:ore_diamond_buried",
      "minecraft:ore_lapis",
      "minecraft:ore_lapis_buried",
      "minecraft:ore_copper",
      "minecraft:underwater_magma"
    ],
    [],
    [],
    [
      "evan_warthen_mod:al_tree",
      "minecraft:patch_grass_taiga_2",
      "minecraft:brown_mushroom_taiga",
      "minecraft:red_mushroom_taiga"
    ],
    []
  ]
}