{
	"format_version": "1.12.0",
	"minecraft:geometry": [
		{
			"description": {
				"identifier": "geometry.unknown",
				"texture_width": 64,
				"texture_height": 32,
				"visible_bounds_width": 2,
				"visible_bounds_height": 3.5,
				"visible_bounds_offset": [0, 1.25, 0]
			},
			"bones": [
				{
					"name": "Body",
					"pivot": [0, 12, 0],
					"cubes": [
						{"origin": [-4, 6, -2], "size": [8, 12, 4], "uv": [16, 16]}
					]
				},
				{
					"name": "Head",
					"parent": "Body",
					"pivot": [0, 18, 0],
					"cubes": [
						{"origin": [-4, 18, -4], "size": [8, 8, 8], "uv": [0, 0]}
					]
				},
				{
					"name": "leg0",
					"parent": "Body",
					"pivot": [-2, 6, 4],
					"cubes": [
						{"origin": [-4, 0, 2], "size": [4, 6, 4], "uv": [0, 16]}
					]
				},
				{
					"name": "leg1",
					"parent": "Body",
					"pivot": [2, 6, 6],
					"cubes": [
						{"origin": [0, 0, 2], "size": [4, 6, 4], "uv": [0, 16]}
					]
				},
				{
					"name": "leg2",
					"parent": "Body",
					"pivot": [-2, 6, -4],
					"cubes": [
						{"origin": [-4, 0, -6], "size": [4, 6, 4], "uv": [0, 16]}
					]
				},
				{
					"name": "leg3",
					"parent": "Body",
					"pivot": [2, 6, -4],
					"cubes": [
						{"origin": [0, 0, -6], "size": [4, 6, 4], "uv": [0, 16]}
					]
				}
			]
		}
	]
}