{
	"format_version": "1.12.0",
	"minecraft:geometry": [
		{
			"description": {
				"identifier": "geometry.unknown",
				"texture_width": 32,
				"texture_height": 32,
				"visible_bounds_width": 2,
				"visible_bounds_height": 3.5,
				"visible_bounds_offset": [0, 1.25, 0]
			},
			"bones": [
				{
					"name": "Handle",
					"pivot": [-1, 0, 1],
					"cubes": [
						{"origin": [-1, 0, 0], "size": [1, 10, 1], "uv": [12, 11]},
						{"origin": [-3, 9, -2], "size": [5, 2, 5], "uv": [0, 0]},
						{"origin": [-2, 0, -1], "size": [3, 1, 3], "uv": [12, 7]}
					]
				},
				{
					"name": "Sword1",
					"pivot": [0, 25, -2],
					"cubes": [
						{"origin": [-2, 10, -1], "size": [3, 11, 3], "pivot": [0, 10, 0], "rotation": [17.5, -5, 0], "uv": [0, 7]}
					]
				},
				{
					"name": "Sword2",
					"pivot": [0, 0, 0],
					"cubes": [
						{"origin": [-1, 19, -3], "size": [1, 6, 1], "pivot": [-1, 19, -2], "rotation": [-5, 0, 0], "uv": [16, 18]}
					]
				},
				{
					"name": "Sword3",
					"pivot": [0, 0, 0],
					"cubes": [
						{"origin": [0, 25, -3], "size": [1, 6, 1], "pivot": [0, 25, -2], "rotation": [-136.31845, 9.91358, -150.11435], "uv": [16, 11]}
					]
				}
			]
		}
	]
}