{
	"format_version": "1.12.0",
	"minecraft:geometry": [
		{
			"description": {
				"identifier": "geometry.unknown",
				"texture_width": 64,
				"texture_height": 32,
				"visible_bounds_width": 2,
				"visible_bounds_height": 2.5,
				"visible_bounds_offset": [0, 0.75, 0]
			},
			"bones": [
				{
					"name": "inner",
					"pivot": [0, 24, 0],
					"cubes": [
						{"origin": [-3, 1, -3], "size": [6, 6, 6], "uv": [0, 16]},
						{"origin": [-3.3, 4, -3.5], "size": [2, 2, 2], "uv": [32, 0]},
						{"origin": [1.3, 4, -3.5], "size": [2, 2, 2], "uv": [32, 4]},
						{"origin": [0, 2, -3.5], "size": [1, 1, 1], "uv": [32, 8]},
						{"origin": [-2, 6, -2], "size": [3, 3, 3], "uv": [-2, -1]},
						{"origin": [-1, 9, -1], "size": [1, 1, 1], "uv": [2, 1]}
					]
				},
				{
					"name": "outer",
					"pivot": [0, 26, 0],
					"cubes": [
						{"origin": [-4, 0, -4], "size": [8, 8, 8], "uv": [0, 0]},
						{"origin": [-3.3, 4, -3.5], "size": [2, 2, 2], "uv": [32, 0]},
						{"origin": [1.3, 4, -3.5], "size": [2, 2, 2], "uv": [32, 4]},
						{"origin": [0, 2, -3.5], "size": [1, 1, 1], "uv": [32, 8]}
					]
				}
			]
		}
	]
}